{
  "n_patent_rows": 3644430.0,
  "n_country_year_rows": 1847.0,
  "n_firm_year_rows": 42614.0,
  "public_funded_share": 0.007834695686293879,
  "empirical_driven_share": 0.21032342506235543
}